{"noiseKey":{"private":{"type":"Buffer","data":"EKkSHZZeKqJPAk3EC1X+AEy9YCXQvfM1LIl1vO4JNWQ="},"public":{"type":"Buffer","data":"zP7MTHNXhRqAKmy6hNEQRnhMLnUnJ6/Fkkoja5BuT30="}},"pairingEphemeralKeyPair":{"private":{"type":"Buffer","data":"KL32i7Z2Hgp/5ziLXo2kPRYkLSVMttZsJl4y1idSFnA="},"public":{"type":"Buffer","data":"hADkINEUeIcAvAUx2IVe9PaHLJUN63PMCxMSdCicOUs="}},"signedIdentityKey":{"private":{"type":"Buffer","data":"eDFbioYpqwYsrlPXE2hQKx9zDZL8BIFAAQlYSiaAeGE="},"public":{"type":"Buffer","data":"/oAhMQFazqlMaxRBw3b6uVkSOwf5uJhJco1DiP0g+1w="}},"signedPreKey":{"keyPair":{"private":{"type":"Buffer","data":"AId7WUMOYkITHiSrHnvBS7711SrKrLxbP1eHz4yNI0A="},"public":{"type":"Buffer","data":"PHo/ryWGZx1IR2pF30KU4OmpK2VlRXxxdefgJpJ/fg0="}},"signature":{"type":"Buffer","data":"PCfpZGjW7IdFjc6rV63KcOlXO4bgr9rseEzZLU3hWrd1PjydhL0TmSdIQkj4AIcd8RY5u8UOqlU+CNNg7k1vAA=="},"keyId":1},"registrationId":222,"advSecretKey":"lnrY0IFIH8N+BsTiQiRhG3/8JgAVxK1tSJZVtmdpfkM=","processedHistoryMessages":[],"nextPreKeyId":64,"firstUnuploadedPreKeyId":64,"accountSyncCounter":0,"accountSettings":{"unarchiveChats":false},"registered":true,"pairingCode":"7DNZF83T","me":{"id":"96878641668:11@s.whatsapp.net","lid":"273564150308984:11@lid","jid":"96878641668@s.whatsapp.net"},"account":{"details":"CLn2sjgQmfiOwwYYASAAKAA=","accountSignatureKey":"4qooDilCUUV4eOvWqvEOaKQemWHDJYPFXT6D/0MufG0=","accountSignature":"MmH2B1dchfKCPhGx7QwBlQgL0hShuRmBLe75Phpf2wrfCMkxWxMB7G/liWoom1wTP3kPDcnkQp5OgAIKE00WAw==","deviceSignature":"3wtyR5/LnjI2jrB9A9N1ORHXdHBct7sMUThfg6whYjEsRXXs1eS1wgaFLeyybPaz/68WuDaTtFPTfiIyd4O0Cg=="},"signalIdentities":[{"identifier":{"name":"96878641668:11@s.whatsapp.net","deviceId":0},"identifierKey":{"type":"Buffer","data":"BeKqKA4pQlFFeHjr1qrxDmikHplhwyWDxV0+g/9DLnxt"}}],"platform":"android","routingInfo":{"type":"Buffer","data":"CAUIAg=="},"lastAccountSyncTimestamp":1751366685,"lastPropHash":"2V77qU","myAppStateKeyId":"AAAAAAL1"}